{"Id":"af950268-8bd9-27c7-6358-39fc91415e1a","Version":11,"Name":"LinkedIn Single Image Ad Social MC LinkedIn Single Image Ad 320x578px 18-May-21 1:44 PM","DisplayName":"LinkedIn Single Image Ad Social MC LinkedIn Single Image Ad 320x578px 18-May-21 1:44 PM","Description":null,"Type":20,"Tags":null,"TagIds":[],"AssetGroupId":"322c338a-f8d2-cbc3-5da5-39fc788cebfa","VideoGeneral":null,"ImageGeneral":null,"LinkGeneral":null,"DocumentGeneral":null,"ContentTypeGeneral":{"ContentTypeId":"f18a241b-1a2f-1274-70d8-39f038272b7a","ContentManagerId":"b7bfeb67-3d9f-4518-8aa6-36ae9fa01e37","ContentTypeVersion":13,"PreviewFileId":"2dd5aa5b-3380-e2e7-91b8-39fc9141dc54","ThumbnailFileId":"eff48f6d-aaf9-3159-06e3-39fc9141adbc","ProofFileId":"f23f8c3c-ee84-4a04-b3d9-39fc9141dd4b","ProofFileName":"LinkedIn Single Image Ad Social MC LinkedIn Single Image Ad 320x578px 18-May-21 1_44 PM.zip","Properties":{"CustomisationID":"BT:QA:3.31.0.0:C0045306","CustomisationName":"LinkedIn Single Image Ad Social MC LinkedIn Single Image Ad 320x578px 18-May-21 1:44 PM","MediaChannel":"Social","Width":"320","Height":"578","ZIPFile":{"FileSize":108424,"FileName":"LinkedIn Single Image Ad Social MC LinkedIn Single Image Ad 320x578px 18-May-21 1_44 PM.zip","DocumentId":"f23f8c3c-ee84-4a04-b3d9-39fc9141dd4b","ThumbnailId":"ce27c70f-d833-3a61-de60-39fc914191b0"},"JPGFile":{"FileSize":31899,"FileName":"LinkedIn Single Image Ad Social MC LinkedIn Single Image Ad 320x578px 18-May-21 1_44 PM.jpg","ImageId":"eff48f6d-aaf9-3159-06e3-39fc9141adbc","PreviewId":"ce27c70f-d833-3a61-de60-39fc914191b0","ThumbnailId":"ce27c70f-d833-3a61-de60-39fc914191b0"},"PNGFile":{"FileSize":161779,"FileName":"LinkedIn Single Image Ad Social MC LinkedIn Single Image Ad 320x578px 18-May-21 1_44 PM.png","ImageId":"ce27c70f-d833-3a61-de60-39fc914191b0","PreviewId":"ce27c70f-d833-3a61-de60-39fc914191b0","ThumbnailId":"ce27c70f-d833-3a61-de60-39fc914191b0"},"CustomisationVariableJSON":{"FileName":"LinkedIn Single Image Ad Social MC LinkedIn Single Image Ad 320x578px 18-May-21 1_44 PM.json","DocumentId":"d69ea373-9ea7-49ba-a240-91845e4dc9cd"},"Customisation_HTML":{"FileSize":5579,"FileName":"LinkedIn Single Image Ad Social MC LinkedIn Single Image Ad 320x578px 18-May-21 1_44 PM.html","DocumentId":"2dd5aa5b-3380-e2e7-91b8-39fc9141dc54","ThumbnailId":"ce27c70f-d833-3a61-de60-39fc914191b0"},"System_Property_Width":"320","System_Property_Height":"578","CustomisationId":"BT:QA:3.31.0.0:C0045306","CustomisationType":"1","CustomisationRevision":0,"DCOBulkId":null,"MediaChannelId":"e288cb52-0672-418a-90c1-39ebb27f7c2d"},"Name":"LinkedIn Single Image Ad Social MC LinkedIn Single Image Ad 320x578px 18-May-21 1:44 PM","DisplayName":"LinkedIn Single Image Ad Social MC LinkedIn Single Image Ad 320x578px 18-May-21 1:44 PM","Description":null,"FileName":"LinkedIn Single Image Ad Social MC LinkedIn Single Image Ad 320x578px 18-May-21 1_44 PM.html"},"CustomGeneral":null,"TextGeneral":null,"Access":{"Access":{"IsHidden":false,"AvailableFrom":"2021-05-13T00:00:00Z","AvailableTo":null,"EmbargoUntil":null}},"LegalInfo":{"Copy":"","Countries":null,"DefaultSettingsCountries":null},"MetaData":{"MediaTypes":null,"Offers":[],"TagsIds":[]},"CreatedBy":"Sergii Vedmiediev","CreatedById":"b9b24132-5502-00cb-fabb-39e7beb19127","CreateDate":"2021-05-18T10:46:08.623Z","UpdatedBy":"Sergii Vedmiediev","UpdatedById":"b9b24132-5502-00cb-fabb-39e7beb19127","UpdateDate":"2021-05-18T10:46:08.657Z","ContentManagerTags":[{"Id":"27d5d3db-eefd-4cbf-a81a-5783add92dc4","TagIds":["8979b2e9-ef6d-5e5c-4b58-39fc78862f00"],"Tags":[]},{"Id":"21d70d6f-324c-43c7-9ac4-9d369bdaa2fe","TagIds":[],"Tags":[]},{"Id":"50e099a4-0e7e-4d3e-b85d-6263a63ecf0f","TagIds":[],"Tags":[]},{"Id":"679e1802-c908-49ab-9f80-e23604c1f530","TagIds":[],"Tags":[]},{"Id":"8759ca06-3a98-41a0-a07d-86286614649e","TagIds":["e288cb52-0672-418a-90c1-39ebb27f7c2d"],"Tags":[]},{"Id":"57d46e3b-452d-4b90-885a-e82907aa9cfb","TagIds":[],"Tags":[]}],"TextSettings":null,"IsActive":true,"RecommendationInfo":null,"IsRecommended":false,"ExtendedActions":{"OrderForm":{"ActionUrl":""}},"Editors":[],"RecommendationEngineInfo":null}