{
  "id": "4e90c08a-8e80-fea1-454f-39fe0567f123",
  "name": "OH_CDO-465 NB Library Email NB Email 720x2800px 29/07/2021 18:05",
  "code": "BT:Live:3.32.0.0:C0006823",
  "adm:created": {
    "on": "2021-07-29T17:06:14.982Z"
  },
  "renderingService": "HTML Rendering Service",
  "size": {
    "width": "720",
    "height": "2800",
    "units": "px"
  },
  "media": {
    "mediaChannel": "Email",
    "mediaFormat": "",
    "adUnit": ""
  },
  "material": {
    "id": "8ccf55ce-9796-55b8-f997-7b7d4136871c",
    "name": "OH_CDO-465 NB Library Email",
    "adm:tags": [],
    "adm:mediachannels": [
      {
        "id": "e512ab8f-b4ef-639b-6a81-39e6344bc078",
        "name": "Email"
      }
    ],
    "adm:products": [],
    "adm:campaigns": [],
    "adm:languages": [],
    "adm:audiences": []
  },
  "template": {
    "id": "14b5fe23-5127-c4c1-fd0f-39fdfa94c1b7",
    "name": "CDO-465_NB_Template_email",
    "adm:products": [],
    "adm:campaigns": [],
    "adm:mediachannels": [],
    "adm:languages": [],
    "adm:audiences": [],
    "adm:businessunits": [],
    "adm:tags": []
  },
  "variables": {
    "NB_SubjectLine": {
      "type": "Text",
      "value": "Subject Line - ignore will take from manifest.json"
    },
    "NB_Preheader": {
      "type": "Text",
      "value": "Preheader/ pre-header" // This will be used for the preview_text in the settings of the Add Campaign endpoint
    },
    "NB_Navbar_01": {
      "type": "Text",
      "value": "Menu Names 1"
    },
    "NB_Navbar_02": {
      "type": "Text",
      "value": "Menu Names 2"
    },
    "NB_Navbar_03": {
      "type": "Text",
      "value": "Menu Names 3"
    },
    "NB_Navbar_04": {
      "type": "Text",
      "value": "Menu Names 4"
    },
    "NB_Navbar_05": {
      "type": "Text",
      "value": "Menu Names 5"
    },
    "NB_Navbar_06": {
      "type": "Text",
      "value": "Menu Names 6"
    },
    "NB_Navbar_07": {
      "type": "Text",
      "value": "Menu Names 7"
    },
    "NB_Image_Destination": {
      "type": "Image",
      "value": "522baebc-1880-431c-a472-21729a08534a.jpg",
      "asset:id": "d2b3f1c9-b736-6419-1f03-39f8fa35c9a4",
      "adm:tags": [
        {
          "id": "36202768-3718-4038-8d22-48c5dfc459d5",
          "name": "calm",
          "categoryId": "bed71bb1-b745-4be8-b48a-ec2ba6f898f9"
        },
        {
          "id": "e8f29671-3bae-c9b1-1b40-9152e8445a7b",
          "name": "Destination",
          "categoryId": "ee70b188-c54a-4177-802f-e03a294f491e"
        },
        {
          "id": "a7e42dcc-74f2-7525-13ef-0ee0592ed0fc",
          "name": "image",
          "categoryId": "bed71bb1-b745-4be8-b48a-ec2ba6f898f9"
        },
        {
          "id": "03274015-dac4-462a-b70a-4ac6ecb96ddc",
          "name": "reflection",
          "categoryId": "bed71bb1-b745-4be8-b48a-ec2ba6f898f9"
        },
        {
          "id": "483cceb5-77ff-46f4-8142-b9a91179d18a",
          "name": "sydney opera house",
          "categoryId": "bed71bb1-b745-4be8-b48a-ec2ba6f898f9"
        },
        {
          "id": "20e00c37-62db-4fa8-81c9-52c26c8b2ff0",
          "name": "wallpaper",
          "categoryId": "bed71bb1-b745-4be8-b48a-ec2ba6f898f9"
        }
      ],
      "adm:products": [],
      "adm:campaigns": [],
      "adm:mediachannels": [],
      "adm:audiences": [],
      "adm:businessunits": [
        {
          "id": "1b9868ce-a2fb-e4af-2639-39f4b963e4cb",
          "name": "Harrington Club"
        },
        {
          "id": "b07b6efc-f14b-9209-ff2e-39f4b966e0fd",
          "name": "EMEA"
        },
        {
          "id": "f8d94bf0-6958-866e-00f3-39f4b971c80d",
          "name": "Benelux"
        },
        {
          "id": "db987c71-239e-b49e-0444-39f4b97215ac",
          "name": "Belgium"
        },
        {
          "id": "e07c6786-bc87-4343-b7e6-39fa2bde92d9",
          "name": "New_deaprtment"
        },
        {
          "id": "c3c7db3e-35d0-e846-1a24-39f4b9727c2d",
          "name": "Luxembourg"
        },
        {
          "id": "1a1c7d8f-b4a0-01ab-a634-39f4b9738945",
          "name": "Netherlands"
        },
        {
          "id": "96990597-efe7-5d13-d602-39f4b977c0da",
          "name": "France"
        },
        {
          "id": "02fe4b18-8722-688b-9fa2-39f4be956786",
          "name": "RAPP FR"
        },
        {
          "id": "129d9515-021e-3b3f-c372-39f5fce28c9b",
          "name": "Spain"
        },
        {
          "id": "37ebc0e6-91f5-7a71-92da-39f4b970abdd",
          "name": "United Kingdom"
        },
        {
          "id": "1469d291-fa61-90d2-c592-39f4b9764aad",
          "name": "London Southbank Store"
        },
        {
          "id": "8a36ff89-e8d5-b907-8f12-39f4be884e5d",
          "name": "RAPP UK"
        },
        {
          "id": "dde7c6be-d183-4a66-1e79-39f4b96bce94",
          "name": "North America"
        },
        {
          "id": "9ebb2308-b4f6-bace-0fac-39f4b96ed2ba",
          "name": "Canada"
        },
        {
          "id": "595a5ec0-d645-02bf-392a-39f4b96f2192",
          "name": "Mexico"
        },
        {
          "id": "5bffa498-c5f9-56ce-dbaa-39f4b96d6c0c",
          "name": "United States"
        },
        {
          "id": "02af6a99-63df-d9f2-e582-39f4b9791fa0",
          "name": "California"
        },
        {
          "id": "df2e8fce-6823-012d-6dae-39f4b9809696",
          "name": "Los Angeles Store"
        },
        {
          "id": "742ae283-85d6-859c-c019-39f4b978e2ed",
          "name": "Illinois"
        },
        {
          "id": "e400d8a8-b737-e71f-801e-39f4b97e592a",
          "name": "Chicago Store"
        },
        {
          "id": "47ba7f10-0afa-29d4-629b-39f4b97894c4",
          "name": "New York"
        },
        {
          "id": "4d20edf6-1df1-63b9-616c-39f4b97aa81a",
          "name": "New York Manhattan Store"
        },
        {
          "id": "8f66eda6-98f5-cd08-36ad-39f4dea6f894",
          "name": "Oceana"
        },
        {
          "id": "31d60902-16dd-4c78-13d6-39f4dea740b9",
          "name": "Australia"
        }
      ],
      "adm:languages": []
    },
    "NB_Headline_Destination": {
      "type": "Text",
      "value": "The journey of a thousand miles begins with a single step.",
      "asset:id": "b763a79d-6b30-0400-2e5f-39f93ff54cec",
      "adm:tags": [
        {
          "id": "e8f29671-3bae-c9b1-1b40-9152e8445a7b",
          "name": "Destination",
          "categoryId": "ee70b188-c54a-4177-802f-e03a294f491e"
        }
      ],
      "adm:products": [],
      "adm:campaigns": [],
      "adm:mediachannels": [],
      "adm:audiences": [],
      "adm:businessunits": [
        {
          "id": "1b9868ce-a2fb-e4af-2639-39f4b963e4cb",
          "name": "Harrington Club"
        },
        {
          "id": "b07b6efc-f14b-9209-ff2e-39f4b966e0fd",
          "name": "EMEA"
        },
        {
          "id": "f8d94bf0-6958-866e-00f3-39f4b971c80d",
          "name": "Benelux"
        },
        {
          "id": "db987c71-239e-b49e-0444-39f4b97215ac",
          "name": "Belgium"
        },
        {
          "id": "c3c7db3e-35d0-e846-1a24-39f4b9727c2d",
          "name": "Luxembourg"
        },
        {
          "id": "1a1c7d8f-b4a0-01ab-a634-39f4b9738945",
          "name": "Netherlands"
        },
        {
          "id": "96990597-efe7-5d13-d602-39f4b977c0da",
          "name": "France"
        },
        {
          "id": "02fe4b18-8722-688b-9fa2-39f4be956786",
          "name": "RAPP FR"
        },
        {
          "id": "129d9515-021e-3b3f-c372-39f5fce28c9b",
          "name": "Spain"
        },
        {
          "id": "37ebc0e6-91f5-7a71-92da-39f4b970abdd",
          "name": "United Kingdom"
        },
        {
          "id": "1469d291-fa61-90d2-c592-39f4b9764aad",
          "name": "London Southbank Store"
        },
        {
          "id": "8a36ff89-e8d5-b907-8f12-39f4be884e5d",
          "name": "RAPP UK"
        },
        {
          "id": "dde7c6be-d183-4a66-1e79-39f4b96bce94",
          "name": "North America"
        },
        {
          "id": "9ebb2308-b4f6-bace-0fac-39f4b96ed2ba",
          "name": "Canada"
        },
        {
          "id": "595a5ec0-d645-02bf-392a-39f4b96f2192",
          "name": "Mexico"
        },
        {
          "id": "5bffa498-c5f9-56ce-dbaa-39f4b96d6c0c",
          "name": "United States"
        },
        {
          "id": "02af6a99-63df-d9f2-e582-39f4b9791fa0",
          "name": "California"
        },
        {
          "id": "df2e8fce-6823-012d-6dae-39f4b9809696",
          "name": "Los Angeles Store"
        },
        {
          "id": "742ae283-85d6-859c-c019-39f4b978e2ed",
          "name": "Illinois"
        },
        {
          "id": "e400d8a8-b737-e71f-801e-39f4b97e592a",
          "name": "Chicago Store"
        },
        {
          "id": "47ba7f10-0afa-29d4-629b-39f4b97894c4",
          "name": "New York"
        },
        {
          "id": "4d20edf6-1df1-63b9-616c-39f4b97aa81a",
          "name": "New York Manhattan Store"
        },
        {
          "id": "8f66eda6-98f5-cd08-36ad-39f4dea6f894",
          "name": "Oceana"
        },
        {
          "id": "31d60902-16dd-4c78-13d6-39f4dea740b9",
          "name": "Australia"
        }
      ],
      "adm:languages": []
    },
    "NB_Copy_Destination": {
      "type": "Text",
      "value": "Lorem ipsum dolor sit amet, consectetur adipiscing elit. Pellentesque ultrices quis lectus ut posuere. Sed neque quam, vehicula venenatis rutrum quis, semper at mi. Praesent iaculis, sem vel imperdiet volutpat, nisl est venenatis justo, ut eleifend nisi nisi at erat."
    },
    "NB_Cta": {
      "type": "Text",
      "value": "Book now",
      "asset:id": "5cec3692-85d8-aa74-1a15-39fa56e32db3",
      "adm:tags": [
        {
          "id": "a0a12293-1d10-191a-3d35-82b166ac8968",
          "name": "CTA",
          "categoryId": "7b916b67-885b-4fad-aaff-6a0519d4d051"
        }
      ],
      "adm:products": [],
      "adm:campaigns": [],
      "adm:mediachannels": [],
      "adm:audiences": [
        {
          "id": "d1acaffb-c433-2fe8-6066-39fab78c10cf",
          "name": "Luxury travellers"
        },
        {
          "id": "e1407842-e3bf-fe4a-3cc6-39fab78bde94",
          "name": null
        },
        {
          "id": "146effb3-c694-1cb8-b858-39fab78b6aa6",
          "name": "Young families"
        }
      ],
      "adm:businessunits": [
        {
          "id": "1b9868ce-a2fb-e4af-2639-39f4b963e4cb",
          "name": "Harrington Club"
        },
        {
          "id": "b07b6efc-f14b-9209-ff2e-39f4b966e0fd",
          "name": "EMEA"
        },
        {
          "id": "f8d94bf0-6958-866e-00f3-39f4b971c80d",
          "name": "Benelux"
        },
        {
          "id": "db987c71-239e-b49e-0444-39f4b97215ac",
          "name": "Belgium"
        },
        {
          "id": "e07c6786-bc87-4343-b7e6-39fa2bde92d9",
          "name": "New_deaprtment"
        },
        {
          "id": "c3c7db3e-35d0-e846-1a24-39f4b9727c2d",
          "name": "Luxembourg"
        },
        {
          "id": "1a1c7d8f-b4a0-01ab-a634-39f4b9738945",
          "name": "Netherlands"
        },
        {
          "id": "96990597-efe7-5d13-d602-39f4b977c0da",
          "name": "France"
        },
        {
          "id": "02fe4b18-8722-688b-9fa2-39f4be956786",
          "name": "RAPP FR"
        },
        {
          "id": "129d9515-021e-3b3f-c372-39f5fce28c9b",
          "name": "Spain"
        },
        {
          "id": "37ebc0e6-91f5-7a71-92da-39f4b970abdd",
          "name": "United Kingdom"
        },
        {
          "id": "1469d291-fa61-90d2-c592-39f4b9764aad",
          "name": "London Southbank Store"
        },
        {
          "id": "8a36ff89-e8d5-b907-8f12-39f4be884e5d",
          "name": "RAPP UK"
        },
        {
          "id": "dde7c6be-d183-4a66-1e79-39f4b96bce94",
          "name": "North America"
        },
        {
          "id": "9ebb2308-b4f6-bace-0fac-39f4b96ed2ba",
          "name": "Canada"
        },
        {
          "id": "595a5ec0-d645-02bf-392a-39f4b96f2192",
          "name": "Mexico"
        },
        {
          "id": "5bffa498-c5f9-56ce-dbaa-39f4b96d6c0c",
          "name": "United States"
        },
        {
          "id": "02af6a99-63df-d9f2-e582-39f4b9791fa0",
          "name": "California"
        },
        {
          "id": "df2e8fce-6823-012d-6dae-39f4b9809696",
          "name": "Los Angeles Store"
        },
        {
          "id": "742ae283-85d6-859c-c019-39f4b978e2ed",
          "name": "Illinois"
        },
        {
          "id": "e400d8a8-b737-e71f-801e-39f4b97e592a",
          "name": "Chicago Store"
        },
        {
          "id": "47ba7f10-0afa-29d4-629b-39f4b97894c4",
          "name": "New York"
        },
        {
          "id": "4d20edf6-1df1-63b9-616c-39f4b97aa81a",
          "name": "New York Manhattan Store"
        },
        {
          "id": "8f66eda6-98f5-cd08-36ad-39f4dea6f894",
          "name": "Oceana"
        },
        {
          "id": "31d60902-16dd-4c78-13d6-39f4dea740b9",
          "name": "Australia"
        }
      ],
      "adm:languages": [
        {
          "id": "ba67b35e-8a51-3283-5362-39f4b9f705a6",
          "name": "English (United Kingdom)"
        }
      ]
    },
    "NB_font_color_1": {
      "type": "Text",
      "value": "#ff5a18"
    },
    "NB_font_color_2": {
      "type": "Text",
      "value": "#4d4d4d"
    },
    "NB_btn_color": {
      "type": "Text",
      "value": "#ff5a18"
    },
    "NB_cta_color": {
      "type": "Text",
      "value": "#ffffff"
    },
    "NB_txt_align_1": {
      "type": "Text",
      "value": "Center"
    },
    "NB_Image_Feature": {
      "type": "Image",
      "value": null
    },
    "NB_Headline_Feature": {
      "type": "Text",
      "value": null
    },
    "NB_Copy_Feature": {
      "type": "Text",
      "value": null
    },
    "NB_Cta_1": {
      "type": "Text",
      "value": null
    },
    "NB_bgcolor_1": {
      "type": "Text",
      "value": null
    },
    "NB_Btn_color_1": {
      "type": "Text",
      "value": null
    },
    "NB_Cta_color_1": {
      "type": "Text",
      "value": null
    },
    "NB_Image_01": {
      "type": "Image",
      "value": null
    },
    "NB_Headline_01": {
      "type": "Text",
      "value": null
    },
    "NB_Copy_01": {
      "type": "Text",
      "value": null
    },
    "NB_Cta_2": {
      "type": "Text",
      "value": null
    },
    "NB_bgcolor_2": {
      "type": "Text",
      "value": null
    },
    "NB_Btn_color_2": {
      "type": "Text",
      "value": null
    },
    "NB_Cta_color_2": {
      "type": "Text",
      "value": null
    },
    "NB_txt_align_2": {
      "type": "Text",
      "value": null
    },
    "NB_Footer_Terms": {
      "type": "Text",
      "value": null
    }
  }
}
